video_id,fps,total_frames,duration
00000,28.9,1158,40.069204152249135
00003,30.0,1203,40.1
00004,30.0,1202,40.06666666666667
00005,30.6,1227,40.09803921568627
00006,30.0,1199,39.96666666666667
00007,30.0,1205,40.166666666666664
00008,30.0,1204,40.13333333333333
00010,30.0,1214,40.46666666666667
00013,30.0,1199,39.96666666666667
00014,30.0,1210,40.333333333333336
00015,30.0,1208,40.266666666666666
00016,29.8,1210,40.604026845637584
00017,30.0,1210,40.333333333333336
00018,30.0,1219,40.63333333333333
00019,30.6,1226,40.06535947712418
00021,30.0,1199,39.96666666666667
00022,30.0,1213,40.43333333333333
00023,30.0,1217,40.56666666666667
00024,30.0,1201,40.03333333333333
00025,30.0,1204,40.13333333333333
00026,30.0,540,18.0
00027,30.0,1200,40.0
00028,30.6,1225,40.03267973856209
00029,30.0,1202,40.06666666666667
00031,30.0,1202,40.06666666666667
00032,30.0,1202,40.06666666666667
00036,30.1,1198,39.80066445182724
00037,30.0,1206,40.2
00039,30.0,1215,40.5
00040,30.0,1169,38.96666666666667
00041,30.0,1151,38.36666666666667
00042,30.6,1230,40.19607843137255
00043,30.0,540,18.0
00044,30.0,1203,40.1
00046,30.0,1203,40.1
00047,30.0,1213,40.43333333333333
00048,30.0,570,19.0
00049,29.9,1181,39.49832775919732
00054,30.0,1209,40.3
00055,30.0,1219,40.63333333333333
00056,30.0,1211,40.36666666666667
00057,30.0,1216,40.53333333333333
00058,30.6,1201,39.248366013071895
00059,30.0,1201,40.03333333333333
00060,30.6,1228,40.130718954248366
00061,30.0,1208,40.266666666666666
00062,30.0,1202,40.06666666666667
00063,30.0,1201,40.03333333333333
00064,30.0,540,18.0
00065,30.0,1204,40.13333333333333
00066,29.9,1263,42.240802675585286
00068,30.0,1208,40.266666666666666
00071,30.0,1209,40.3
00072,30.5,1232,40.39344262295082
00074,30.0,1206,40.2
00076,30.0,1189,39.63333333333333
00077,29.7,1210,40.74074074074074
00078,30.0,1182,39.4
00079,30.0,1205,40.166666666666664
00081,30.0,1162,38.733333333333334
00082,30.0,1202,40.06666666666667
00083,30.0,540,18.0
00084,30.6,1226,40.06535947712418
00085,30.0,1207,40.233333333333334
00086,30.0,1203,40.1
00089,29.9,1202,40.20066889632107
00090,30.0,1206,40.2
00093,30.0,540,18.0
00095,30.0,540,18.0
00096,25.3,1048,41.422924901185766
00097,29.8,1205,40.43624161073826
00098,30.6,1227,40.09803921568627
00099,30.5,1246,40.85245901639344
00100,30.0,1163,38.766666666666666
00102,30.0,1174,39.13333333333333
00103,30.0,1198,39.93333333333333
00104,30.0,1201,40.03333333333333
00105,30.0,1217,40.56666666666667
00106,30.0,1184,39.46666666666667
00108,30.0,1208,40.266666666666666
00109,30.0,1202,40.06666666666667
00110,29.9,1201,40.16722408026756
00111,30.0,1204,40.13333333333333
00112,30.0,1203,40.1
00114,30.0,1210,40.333333333333336
00117,30.0,1181,39.36666666666667
00118,30.0,1197,39.9
00119,30.6,1172,38.30065359477124
00121,30.0,1215,40.5
00122,29.9,1207,40.36789297658863
00123,30.0,1216,40.53333333333333
00124,30.0,1239,41.3
00125,30.5,1232,40.39344262295082
00127,30.6,1227,40.09803921568627
00128,30.0,1208,40.266666666666666
00129,30.0,1203,40.1
00130,30.0,1201,40.03333333333333
00131,31.0,1278,41.225806451612904
00132,30.0,1252,41.733333333333334
00133,30.4,1212,39.86842105263158
00135,30.0,1213,40.43333333333333
00136,30.6,1221,39.90196078431372
00138,30.0,1195,39.833333333333336
00141,30.6,1234,40.326797385620914
00142,29.9,1208,40.401337792642146
00143,30.5,1213,39.77049180327869
00144,30.0,1203,40.1
00145,30.0,1130,37.666666666666664
00147,30.0,1322,44.06666666666667
00148,30.0,1203,40.1
00149,30.0,1198,39.93333333333333
00151,29.9,1203,40.23411371237459
00152,30.6,1248,40.78431372549019
00153,29.9,1203,40.23411371237459
00154,30.0,1206,40.2
00155,30.6,1233,40.29411764705882
00157,30.6,1223,39.967320261437905
00158,30.0,1222,40.733333333333334
00160,30.0,1205,40.166666666666664
00162,30.0,1279,42.63333333333333
00163,31.0,1212,39.096774193548384
00164,30.0,540,18.0
00166,30.5,1226,40.19672131147541
00167,30.0,1210,40.333333333333336
00168,30.0,1178,39.266666666666666
00169,31.0,1239,39.96774193548387
00170,30.0,1219,40.63333333333333
00171,30.0,570,19.0
00172,30.0,1210,40.333333333333336
00173,30.0,540,18.0
00174,30.0,1201,40.03333333333333
00175,29.9,1080,36.12040133779264
00177,30.0,1206,40.2
00179,30.0,1193,39.766666666666666
00180,30.0,1283,42.766666666666666
00181,29.7,932,31.38047138047138
00183,30.0,1213,40.43333333333333
00184,30.0,1256,41.86666666666667
00187,30.6,1220,39.869281045751634
00188,29.5,1177,39.898305084745765
00189,29.9,1167,39.030100334448164
00190,30.0,1216,40.53333333333333
00192,30.0,1208,40.266666666666666
00194,30.5,1225,40.16393442622951
00195,30.0,1240,41.333333333333336
00199,30.0,540,18.0
00200,30.6,1233,40.29411764705882
00201,30.0,1186,39.53333333333333
00202,30.0,1203,40.1
00205,30.5,1200,39.34426229508197
00206,30.0,1225,40.833333333333336
00207,30.0,1155,38.5
00208,30.0,1297,43.233333333333334
00209,30.0,1178,39.266666666666666
00210,30.0,1200,40.0
00213,29.9,1028,34.381270903010034
00214,30.6,1228,40.130718954248366
00216,30.0,1179,39.3
00217,30.0,1206,40.2
00218,30.0,1212,40.4
00222,30.0,1217,40.56666666666667
00223,30.0,1210,40.333333333333336
00224,30.0,1185,39.5
00225,30.0,1228,40.93333333333333
00226,30.0,1219,40.63333333333333
00227,30.0,1208,40.266666666666666
00228,30.6,1225,40.03267973856209
00232,30.0,1201,40.03333333333333
00233,30.0,1200,40.0
00234,30.0,570,19.0
00235,30.0,540,18.0
00236,30.0,570,19.0
00237,30.0,1205,40.166666666666664
00238,30.0,1191,39.7
00239,30.0,540,18.0
00240,30.6,1230,40.19607843137255
00242,30.0,1212,40.4
00244,31.0,1228,39.61290322580645
00245,30.0,1207,40.233333333333334
00247,30.6,1241,40.55555555555556
00250,30.0,540,18.0
00251,29.2,1179,40.37671232876713
00252,30.0,1212,40.4
00253,30.6,1231,40.228758169934636
00254,30.0,1206,40.2
00255,30.0,1203,40.1
00256,30.0,1201,40.03333333333333
00259,30.6,1232,40.26143790849673
00260,30.0,1219,40.63333333333333
00262,30.0,1144,38.13333333333333
00263,30.0,1223,40.766666666666666
00264,30.5,1232,40.39344262295082
00265,30.0,1211,40.36666666666667
00266,30.0,1203,40.1
00269,30.6,972,31.76470588235294
00270,30.0,1204,40.13333333333333
00271,30.0,1800,60.0
00272,30.5,1226,40.19672131147541
00273,30.0,1210,40.333333333333336
00275,30.0,540,18.0
00276,30.0,1208,40.266666666666666
00282,30.0,1217,40.56666666666667
00283,30.0,540,18.0
00284,30.6,1227,40.09803921568627
00285,30.6,1225,40.03267973856209
00286,30.6,1230,40.19607843137255
00287,30.6,1232,40.26143790849673
00288,30.6,960,31.372549019607842
00289,30.0,1207,40.233333333333334
00290,30.6,1229,40.16339869281045
00291,30.6,1148,37.51633986928105
00292,30.0,1215,40.5
00294,30.0,1203,40.1
00295,30.0,1206,40.2
00296,30.0,1206,40.2
00298,30.6,1230,40.19607843137255
00300,30.0,540,18.0
00301,29.9,1200,40.13377926421405
00302,30.0,1209,40.3
00303,30.0,1189,39.63333333333333
00307,30.0,1213,40.43333333333333
00308,30.6,1224,40.0
00309,30.0,1204,40.13333333333333
00310,30.3,1238,40.85808580858086
00311,30.6,1236,40.3921568627451
00312,30.5,1306,42.81967213114754
00313,30.5,1286,42.16393442622951
00317,30.0,570,19.0
00318,29.3,1161,39.62457337883959
00319,30.0,1201,40.03333333333333
00320,30.0,1191,39.7
00321,30.0,1184,39.46666666666667
00324,30.0,1202,40.06666666666667
00325,30.0,1199,39.96666666666667
00326,30.0,1202,40.06666666666667
00327,30.6,1230,40.19607843137255
00328,31.0,1237,39.903225806451616
00329,30.0,1234,41.13333333333333
00330,30.0,1220,40.666666666666664
00331,30.5,1227,40.22950819672131
00332,30.0,772,25.733333333333334
00333,30.0,1220,40.666666666666664
00334,30.0,1216,40.53333333333333
00335,29.9,1199,40.10033444816054
00336,30.6,1235,40.359477124183
00339,26.7,1076,40.2996254681648
00340,31.0,1198,38.645161290322584
00341,29.9,1223,40.903010033444815
00342,30.0,1209,40.3
00343,30.5,1210,39.67213114754098
00344,30.5,1225,40.16393442622951
00345,30.0,1290,43.0
00348,30.5,1174,38.49180327868852
00349,30.6,1202,39.28104575163398
00351,30.0,1210,40.333333333333336
00353,30.0,1203,40.1
00354,30.0,1214,40.46666666666667
00355,30.0,1185,39.5
00356,30.0,570,19.0
00357,30.6,1232,40.26143790849673
00358,30.0,1206,40.2
00360,30.0,1203,40.1
00361,30.5,1226,40.19672131147541
00362,30.0,540,18.0
00363,30.6,1236,40.3921568627451
00364,30.5,1236,40.52459016393443
00366,30.0,1203,40.1
00369,30.0,1200,40.0
00370,30.0,1312,43.733333333333334
00371,30.5,1233,40.42622950819672
00372,30.0,1220,40.666666666666664
00373,31.0,1276,41.16129032258065
00375,30.6,1152,37.64705882352941
00376,30.6,1233,40.29411764705882
00378,30.0,1188,39.6
00380,30.0,1207,40.233333333333334
00381,29.9,1179,39.4314381270903
00382,31.0,1187,38.29032258064516
00383,30.0,570,19.0
00387,30.2,1198,39.66887417218543
00388,30.5,1227,40.22950819672131
00389,30.0,1179,39.3
00391,30.0,1224,40.8
00392,28.1,1066,37.93594306049822
00393,30.0,1255,41.833333333333336
00394,31.0,1209,39.0
00395,30.4,1227,40.36184210526316
00397,30.0,1181,39.36666666666667
00398,30.0,1210,40.333333333333336
00401,30.0,1201,40.03333333333333
00403,30.0,1177,39.233333333333334
00405,29.9,1203,40.23411371237459
00406,30.0,540,18.0
00407,30.0,1195,39.833333333333336
00408,29.9,967,32.341137123745824
00410,30.0,1249,41.63333333333333
00411,30.0,1226,40.86666666666667
00413,30.0,1208,40.266666666666666
00414,30.0,540,18.0
00415,30.0,1204,40.13333333333333
00416,30.6,1234,40.326797385620914
00417,30.0,540,18.0
00418,30.0,1211,40.36666666666667
00420,30.6,1230,40.19607843137255
00422,30.6,1229,40.16339869281045
00423,30.0,1212,40.4
00424,30.0,1205,40.166666666666664
00425,29.9,1203,40.23411371237459
00426,30.6,1229,40.16339869281045
00427,30.3,1185,39.10891089108911
00428,30.0,1113,37.1
00429,30.0,1200,40.0
00430,29.8,1197,40.16778523489933
00431,30.0,1216,40.53333333333333
00433,30.0,1199,39.96666666666667
00434,30.0,570,19.0
00435,30.0,1219,40.63333333333333
00437,30.0,1215,40.5
00440,30.0,1175,39.166666666666664
00441,30.0,540,18.0
00443,31.0,1228,39.61290322580645
00444,30.0,1200,40.0
00447,30.0,570,19.0
00449,29.4,1163,39.5578231292517
00450,30.6,1228,40.130718954248366
00452,30.0,1211,40.36666666666667
00453,30.6,1277,41.73202614379085
00454,30.0,1206,40.2
00455,30.6,1181,38.59477124183007
00456,30.0,1179,39.3
00457,30.0,1204,40.13333333333333
00458,30.0,1180,39.333333333333336
00459,30.0,540,18.0
00460,30.5,1230,40.32786885245902
00461,30.0,540,18.0
00463,30.0,1212,40.4
00464,30.0,1202,40.06666666666667
00466,30.0,1210,40.333333333333336
00467,30.0,1202,40.06666666666667
00469,28.5,1124,39.43859649122807
00471,30.0,1262,42.06666666666667
00472,30.0,1202,40.06666666666667
00473,30.0,1281,42.7
00474,30.0,1172,39.06666666666667
00475,30.6,1275,41.666666666666664
00477,30.0,1201,40.03333333333333
00478,30.6,1242,40.588235294117645
00479,30.0,1220,40.666666666666664
00480,30.6,1237,40.424836601307184
00481,30.0,1174,39.13333333333333
00483,30.0,1232,41.06666666666667
00485,30.0,1181,39.36666666666667
00486,30.0,540,18.0
00487,30.0,1188,39.6
00488,30.0,1214,40.46666666666667
00491,30.0,1206,40.2
00493,30.0,1206,40.2
00494,30.6,1234,40.326797385620914
00495,30.0,1213,40.43333333333333
00496,30.6,1205,39.37908496732026
00497,30.0,1178,39.266666666666666
00498,26.4,1069,40.49242424242424
00500,30.0,1217,40.56666666666667
00501,30.6,1222,39.93464052287582
00502,30.0,1201,40.03333333333333
00503,30.0,1200,40.0
00505,30.0,1039,34.63333333333333
00506,30.6,1231,40.228758169934636
00510,30.0,1203,40.1
00512,30.4,1220,40.131578947368425
00515,30.0,1200,40.0
00516,30.0,1207,40.233333333333334
00517,30.5,973,31.901639344262296
00519,30.0,1218,40.6
00520,30.6,1231,40.228758169934636
00521,28.9,1155,39.965397923875436
00522,30.6,1232,40.26143790849673
00523,30.0,1208,40.266666666666666
00526,29.8,1174,39.395973154362416
00527,30.0,1204,40.13333333333333
00528,30.0,1800,60.0
00529,30.5,1246,40.85245901639344
00530,30.0,570,19.0
00533,30.0,1201,40.03333333333333
00534,30.5,1236,40.52459016393443
00537,30.6,1230,40.19607843137255
00538,30.0,1224,40.8
00539,30.6,1214,39.673202614379086
00540,30.6,1233,40.29411764705882
00541,30.0,1210,40.333333333333336
00542,30.6,1234,40.326797385620914
00543,30.0,1209,40.3
00544,29.9,1206,40.33444816053512
00546,30.0,1213,40.43333333333333
00547,30.0,1225,40.833333333333336
00549,30.0,1203,40.1
00550,30.0,1211,40.36666666666667
00551,30.0,1230,41.0
00553,30.6,1261,41.209150326797385
00554,30.6,1227,40.09803921568627
00556,29.9,1202,40.20066889632107
00557,30.0,1203,40.1
00558,30.5,1228,40.26229508196721
00560,29.2,1174,40.205479452054796
00562,30.0,1317,43.9
00563,29.7,1186,39.93265993265993
00564,29.0,1170,40.3448275862069
00565,30.0,1203,40.1
00566,29.9,1206,40.33444816053512
00567,30.4,1171,38.51973684210527
00568,30.0,1195,39.833333333333336
00570,30.0,1191,39.7
00571,30.6,1233,40.29411764705882
00573,30.0,540,18.0
00574,30.6,1236,40.3921568627451
00577,30.5,1229,40.295081967213115
00579,29.9,1308,43.745819397993316
00580,30.0,1204,40.13333333333333
00581,30.4,1237,40.69078947368421
00583,30.6,1242,40.588235294117645
00584,30.0,1265,42.166666666666664
00585,30.0,1204,40.13333333333333
00586,29.0,1150,39.6551724137931
00587,30.0,1209,40.3
00588,30.0,1205,40.166666666666664
00589,29.9,1176,39.331103678929765
00590,30.6,1227,40.09803921568627
00591,29.5,1191,40.3728813559322
00592,30.0,1201,40.03333333333333
00593,30.0,1181,39.36666666666667
00594,30.5,1239,40.622950819672134
00596,30.0,1207,40.233333333333334
00597,30.0,540,18.0
00598,30.0,1188,39.6
00599,30.0,1205,40.166666666666664
00600,30.0,1198,39.93333333333333
00601,30.0,1206,40.2
00602,30.0,1213,40.43333333333333
00603,30.6,1159,37.87581699346405
00604,30.1,1195,39.70099667774086
00605,30.6,1225,40.03267973856209
00606,30.0,1207,40.233333333333334
00607,29.3,1172,40.0
00608,29.1,1133,38.934707903780065
00609,30.6,1228,40.130718954248366
00610,29.9,1201,40.16722408026756
00611,30.0,1218,40.6
00613,30.0,570,19.0
00614,30.0,1202,40.06666666666667
00617,30.6,1211,39.57516339869281
00618,30.0,1211,40.36666666666667
00621,30.0,1363,45.43333333333333
00622,30.0,570,19.0
00623,30.6,1233,40.29411764705882
00624,30.0,1202,40.06666666666667
00625,30.3,1235,40.759075907590756
00626,30.0,1208,40.266666666666666
00627,30.0,1218,40.6
00629,30.0,570,19.0
00630,30.6,1199,39.18300653594771
00633,30.0,1207,40.233333333333334
00634,30.0,1173,39.1
00635,30.0,1202,40.06666666666667
00636,30.6,1233,40.29411764705882
00637,30.0,1237,41.233333333333334
00638,30.6,1230,40.19607843137255
00639,29.9,1209,40.434782608695656
00640,30.6,1227,40.09803921568627
00641,30.0,570,19.0
00642,30.3,1237,40.82508250825082
00643,29.9,1202,40.20066889632107
00644,30.6,1227,40.09803921568627
00645,30.0,1224,40.8
00647,30.0,1202,40.06666666666667
00648,30.0,1204,40.13333333333333
00650,30.0,1140,38.0
00651,29.9,1209,40.434782608695656
00652,30.0,1212,40.4
00653,29.3,1146,39.11262798634812
00655,29.6,1173,39.62837837837838
00656,30.0,1206,40.2
00657,30.0,540,18.0
00658,29.9,1214,40.602006688963215
00659,30.6,984,32.15686274509804
00660,29.8,1203,40.36912751677852
00661,30.0,1185,39.5
00663,30.5,1234,40.459016393442624
00664,30.0,1220,40.666666666666664
00665,30.5,1229,40.295081967213115
00666,30.0,1203,40.1
00667,30.0,1202,40.06666666666667
00668,30.0,1202,40.06666666666667
00669,30.5,1232,40.39344262295082
00670,29.7,1195,40.235690235690235
00671,30.0,540,18.0
00673,30.0,1176,39.2
00674,30.6,1225,40.03267973856209
00675,30.0,1217,40.56666666666667
00677,30.0,1202,40.06666666666667
00678,30.0,540,18.0
00682,30.0,1179,39.3
00683,30.6,1238,40.45751633986928
00684,29.7,1161,39.09090909090909
00686,30.0,1196,39.86666666666667
00687,30.6,1176,38.431372549019606
00688,30.5,1198,39.278688524590166
00690,30.0,1210,40.333333333333336
00691,30.0,1205,40.166666666666664
00692,30.6,1243,40.62091503267974
00693,30.6,1234,40.326797385620914
00694,30.0,1180,39.333333333333336
00695,30.0,1209,40.3
00696,30.6,1212,39.6078431372549
00697,30.0,1210,40.333333333333336
00698,30.0,1193,39.766666666666666
00699,30.0,1189,39.63333333333333
00700,29.9,1173,39.23076923076923
00701,30.0,1200,40.0
00702,30.6,1225,40.03267973856209
00703,30.0,1200,40.0
00704,29.8,1166,39.127516778523486
00705,30.6,1244,40.65359477124183
00707,30.3,1231,40.62706270627063
00709,30.0,1201,40.03333333333333
00710,30.6,1232,40.26143790849673
00712,30.0,1208,40.266666666666666
00713,30.0,540,18.0
00714,29.9,1200,40.13377926421405
00715,29.1,1185,40.72164948453608
00719,30.0,1224,40.8
00722,30.0,1226,40.86666666666667
00723,30.0,1201,40.03333333333333
00725,30.0,1201,40.03333333333333
00727,30.0,1203,40.1
00729,30.6,1223,39.967320261437905
00730,29.0,1152,39.724137931034484
00731,30.0,1208,40.266666666666666
00733,30.6,1228,40.130718954248366
00734,30.6,1231,40.228758169934636
00735,30.0,1200,40.0
00737,30.0,1292,43.06666666666667
00739,30.6,1226,40.06535947712418
00740,30.0,1208,40.266666666666666
00741,30.6,1227,40.09803921568627
00742,29.8,1193,40.033557046979865
00744,30.6,1231,40.228758169934636
00745,30.0,1173,39.1
00747,30.0,1206,40.2
00748,30.0,1201,40.03333333333333
00750,29.3,1164,39.72696245733788
00751,30.0,1201,40.03333333333333
00753,30.0,1219,40.63333333333333
00754,30.0,1203,40.1
00755,30.0,1190,39.666666666666664
00757,30.0,1205,40.166666666666664
00758,29.9,1194,39.93311036789298
00761,30.0,1180,39.333333333333336
00762,30.0,1189,39.63333333333333
00763,30.0,1206,40.2
00765,30.5,1248,40.91803278688525
00766,30.0,1207,40.233333333333334
00769,30.0,1202,40.06666666666667
00771,30.6,1215,39.705882352941174
00773,30.0,1208,40.266666666666666
00774,30.0,1203,40.1
00776,27.7,1111,40.108303249097474
00777,29.8,1199,40.23489932885906
00780,30.0,1202,40.06666666666667
00782,30.0,540,18.0
00783,30.6,1225,40.03267973856209
00784,30.0,1176,39.2
00785,30.0,1191,39.7
00787,30.0,1212,40.4
00788,30.6,1212,39.6078431372549
00789,30.6,1226,40.06535947712418
00791,30.0,1202,40.06666666666667
00792,30.0,1202,40.06666666666667
00793,30.0,1227,40.9
00794,30.6,1215,39.705882352941174
00795,30.6,1249,40.81699346405229
00798,30.6,1243,40.62091503267974
00802,30.6,1242,40.588235294117645
00803,30.0,540,18.0
00804,30.0,1204,40.13333333333333
00805,30.6,1249,40.81699346405229
00809,30.0,1201,40.03333333333333
00810,30.6,1247,40.751633986928105
00813,30.0,1200,40.0
00816,30.0,1208,40.266666666666666
00817,30.6,1247,40.751633986928105
00818,30.0,1192,39.733333333333334
00819,29.9,1191,39.83277591973244
00820,30.0,1201,40.03333333333333
00822,30.0,1214,40.46666666666667
00823,30.0,1218,40.6
00824,29.9,1197,40.03344481605351
00825,30.0,1202,40.06666666666667
00827,30.0,1228,40.93333333333333
00828,30.0,1220,40.666666666666664
00830,30.6,1228,40.130718954248366
00831,30.5,1226,40.19672131147541
00832,30.0,1229,40.96666666666667
00833,30.0,540,18.0
00834,30.5,1237,40.557377049180324
00835,30.0,1206,40.2
00836,29.9,1200,40.13377926421405
00838,30.0,540,18.0
00839,29.9,1203,40.23411371237459
00840,30.0,1203,40.1
00841,30.0,1176,39.2
00842,30.4,1205,39.63815789473684
00843,29.4,1163,39.5578231292517
00845,30.0,1203,40.1
00846,30.6,1227,40.09803921568627
00847,30.6,1233,40.29411764705882
00849,30.0,1204,40.13333333333333
00850,30.0,1203,40.1
00851,29.9,1479,49.46488294314381
00854,29.9,1220,40.802675585284284
00856,30.0,540,18.0
00857,30.6,1227,40.09803921568627
00858,30.0,1208,40.266666666666666
00859,30.6,1235,40.359477124183
00860,30.0,1238,41.266666666666666
00861,30.0,1205,40.166666666666664
00863,28.3,1140,40.28268551236749
00864,30.0,1200,40.0
00865,30.0,1200,40.0
00866,30.0,1246,41.53333333333333
00867,30.0,1225,40.833333333333336
00868,29.8,1201,40.30201342281879
00869,30.0,1202,40.06666666666667
00872,30.0,1226,40.86666666666667
00873,30.3,1234,40.726072607260726
00874,30.5,1237,40.557377049180324
00875,30.4,1218,40.06578947368421
00876,30.6,1231,40.228758169934636
00877,30.0,1217,40.56666666666667
00879,30.0,1201,40.03333333333333
00880,30.0,1206,40.2
00881,30.6,1231,40.228758169934636
00882,29.9,1207,40.36789297658863
00883,30.0,570,19.0
00884,30.5,1237,40.557377049180324
00885,30.6,1187,38.790849673202615
00887,30.0,1225,40.833333333333336
00888,30.0,570,19.0
00889,30.0,1213,40.43333333333333
00890,29.9,1162,38.862876254180605
00891,30.0,1208,40.266666666666666
00895,30.6,1226,40.06535947712418
00896,30.0,1213,40.43333333333333
00897,30.0,1206,40.2
00898,29.9,1195,39.96655518394649
00900,30.5,1231,40.36065573770492
00901,30.0,1203,40.1
00902,30.0,1187,39.56666666666667
00903,29.9,1203,40.23411371237459
00904,30.6,1234,40.326797385620914
00905,30.0,540,18.0
00906,30.0,1222,40.733333333333334
00909,29.9,1217,40.702341137123746
00910,30.0,1206,40.2
00911,29.1,1141,39.20962199312714
00912,30.6,1224,40.0
00913,30.0,1205,40.166666666666664
00914,30.6,1250,40.849673202614376
00915,30.0,540,18.0
00916,30.6,1209,39.509803921568626
00917,30.0,1202,40.06666666666667
00918,29.2,1174,40.205479452054796
00921,29.9,1208,40.401337792642146
00923,30.5,1231,40.36065573770492
00926,30.0,1218,40.6
00927,30.0,1210,40.333333333333336
00928,30.0,1217,40.56666666666667
00929,30.0,1192,39.733333333333334
00930,30.0,1212,40.4
00931,30.0,1201,40.03333333333333
00932,30.0,1208,40.266666666666666
00935,29.3,1177,40.17064846416382
00936,30.0,1201,40.03333333333333
00937,30.0,1228,40.93333333333333
00938,30.0,540,18.0
00940,30.6,1241,40.55555555555556
00942,30.0,1184,39.46666666666667
00943,30.5,1084,35.540983606557376
00944,30.0,420,14.0
00945,29.4,1136,38.63945578231293
00947,30.0,1200,40.0
00948,29.9,1206,40.33444816053512
00949,30.6,1231,40.228758169934636
00952,30.5,1229,40.295081967213115
00953,30.6,1228,40.130718954248366
00954,30.0,1199,39.96666666666667
00955,30.0,1203,40.1
00957,29.5,1158,39.25423728813559
00958,29.9,1199,40.10033444816054
00959,30.0,1331,44.36666666666667
00960,30.6,1201,39.248366013071895
00961,30.0,1214,40.46666666666667
00963,29.9,1211,40.50167224080268
00964,30.0,1203,40.1
00965,30.6,1224,40.0
00966,29.2,1169,40.034246575342465
00967,30.0,570,19.0
00968,30.0,1208,40.266666666666666
00970,30.5,1223,40.09836065573771
00971,30.0,1210,40.333333333333336
00972,29.2,1197,40.99315068493151
00973,30.0,540,18.0
00976,29.9,1206,40.33444816053512
00977,30.0,1202,40.06666666666667
00978,30.6,1232,40.26143790849673
00979,30.6,1233,40.29411764705882
00980,30.0,1200,40.0
00981,29.8,1196,40.13422818791946
00982,30.6,1236,40.3921568627451
00983,29.9,1199,40.10033444816054
00985,30.0,1205,40.166666666666664
00986,30.0,1211,40.36666666666667
00988,30.0,540,18.0
00989,30.0,1205,40.166666666666664
00990,30.6,1232,40.26143790849673
00991,30.0,1222,40.733333333333334
00995,30.0,1202,40.06666666666667
00996,30.0,1206,40.2
00997,30.4,1221,40.16447368421053
00998,29.2,1180,40.41095890410959
01000,30.6,1171,38.267973856209146
01002,28.9,1160,40.13840830449827
01003,30.6,1217,39.77124183006536
01004,29.2,1163,39.82876712328767
01008,30.0,570,19.0
01011,30.4,1212,39.86842105263158
01012,30.0,1245,41.5
01013,30.0,1212,40.4
01016,30.6,1234,40.326797385620914
01019,30.0,1206,40.2
01020,30.6,1207,39.44444444444444
01022,30.0,1147,38.233333333333334
01024,30.0,1209,40.3
01028,30.0,540,18.0
01031,30.0,540,18.0
01033,30.6,1216,39.73856209150327
01034,30.0,1179,39.3
01035,30.6,1225,40.03267973856209
01036,29.9,1206,40.33444816053512
01037,29.9,1203,40.23411371237459
01039,30.0,1179,39.3
01040,30.0,1180,39.333333333333336
01041,30.0,1183,39.43333333333333
01042,30.0,540,18.0
01043,30.0,1211,40.36666666666667
01045,29.5,1182,40.067796610169495
01046,30.5,1229,40.295081967213115
01048,30.5,1233,40.42622950819672
01049,30.6,1231,40.228758169934636
01050,30.0,1203,40.1
01052,30.0,1182,39.4
01054,29.3,1146,39.11262798634812
01058,30.6,1203,39.31372549019608
01060,29.9,1198,40.06688963210703
01061,30.0,570,19.0
01062,30.0,1215,40.5
01066,30.0,540,18.0
01067,30.6,1241,40.55555555555556
01069,30.0,540,18.0
01070,28.9,1135,39.273356401384085
01071,30.0,1200,40.0
01072,30.0,1231,41.03333333333333
01073,29.7,1193,40.168350168350166
01074,30.0,1219,40.63333333333333
01075,30.0,1211,40.36666666666667
01076,30.0,1203,40.1
01078,30.0,1202,40.06666666666667
01079,30.0,540,18.0
01080,29.6,1162,39.25675675675676
01081,30.0,1176,39.2
01084,30.0,1213,40.43333333333333
01085,30.6,1226,40.06535947712418
01088,30.0,1197,39.9
01089,28.7,1150,40.069686411149824
01090,30.0,1182,39.4
01092,30.0,1208,40.266666666666666
01094,29.9,1125,37.62541806020067
01095,30.0,1155,38.5
01096,30.5,1231,40.36065573770492
01097,29.9,1213,40.568561872909704
01098,30.0,540,18.0
01100,29.9,1204,40.2675585284281
01102,30.0,450,15.0
01103,30.0,1209,40.3
01108,30.0,1156,38.53333333333333
01109,30.0,1205,40.166666666666664
01111,29.9,1220,40.802675585284284
01112,30.5,1225,40.16393442622951
01114,30.6,1348,44.052287581699346
01115,30.5,1226,40.19672131147541
01116,30.0,1175,39.166666666666664
01118,30.0,540,18.0
01121,30.0,1217,40.56666666666667
01122,30.0,1209,40.3
01127,30.6,1230,40.19607843137255
01128,30.6,1228,40.130718954248366
01130,30.6,1228,40.130718954248366
01131,30.0,1211,40.36666666666667
01132,29.6,1148,38.78378378378378
01133,30.0,1131,37.7
01134,29.4,1160,39.45578231292517
01135,30.0,1201,40.03333333333333
01136,29.2,1017,34.82876712328767
01137,29.9,1129,37.759197324414714
01138,30.0,1210,40.333333333333336
01140,30.0,1203,40.1
01141,30.0,1205,40.166666666666664
01142,30.0,1202,40.06666666666667
01144,29.7,1205,40.572390572390574
01145,30.6,1242,40.588235294117645
01146,30.0,1200,40.0
01147,26.4,1016,38.484848484848484
01153,30.0,1204,40.13333333333333
01155,30.6,1251,40.88235294117647
01156,29.0,1152,39.724137931034484
01157,30.0,1216,40.53333333333333
01159,30.0,1341,44.7
01162,30.0,540,18.0
01165,30.0,570,19.0
01167,30.1,1195,39.70099667774086
01170,30.0,1202,40.06666666666667
01171,30.0,540,18.0
01172,30.0,540,18.0
01173,30.0,1216,40.53333333333333
01175,29.9,1209,40.434782608695656
01176,30.0,1206,40.2
01177,30.6,1230,40.19607843137255
01178,30.0,540,18.0
01182,30.6,1228,40.130718954248366
01187,29.6,1180,39.86486486486486
01189,30.0,1205,40.166666666666664
01190,30.6,1229,40.16339869281045
01191,30.0,1192,39.733333333333334
01192,30.5,1231,40.36065573770492
01193,30.0,540,18.0
01194,29.4,1178,40.06802721088435
01195,30.0,1200,40.0
01196,30.0,1358,45.266666666666666
01197,30.0,1201,40.03333333333333
01204,30.0,540,18.0
01205,30.0,1212,40.4
01206,30.6,1209,39.509803921568626
01207,30.0,540,18.0
01209,30.0,540,18.0
01210,30.0,540,18.0
01211,30.0,1224,40.8
01213,30.0,540,18.0
01214,30.0,1201,40.03333333333333
01217,30.0,540,18.0
01218,30.0,1207,40.233333333333334
01219,30.0,1205,40.166666666666664
01220,29.2,1172,40.136986301369866
01221,30.0,570,19.0
01222,24.1,1076,44.64730290456431
01224,30.0,1207,40.233333333333334
01225,30.0,570,19.0
01227,30.0,540,18.0
01228,30.4,1233,40.559210526315795
01229,30.0,1351,45.03333333333333
01230,30.0,1172,39.06666666666667
01232,30.0,540,18.0
01234,29.0,1150,39.6551724137931
01235,30.0,1184,39.46666666666667
01236,30.6,1226,40.06535947712418
01237,30.0,1219,40.63333333333333
01238,30.6,1230,40.19607843137255
01240,30.0,540,18.0
01242,30.0,1205,40.166666666666664
01248,30.6,1242,40.588235294117645
01249,30.0,1201,40.03333333333333
01250,30.6,1230,40.19607843137255
01252,30.0,1208,40.266666666666666
01254,30.0,1192,39.733333333333334
01255,29.4,1133,38.53741496598639
01256,30.0,540,18.0
01257,30.0,540,18.0
01258,30.6,1233,40.29411764705882
01259,30.0,1202,40.06666666666667
01260,30.0,540,18.0
01261,30.0,1217,40.56666666666667
01262,30.0,1207,40.233333333333334
01263,30.0,1207,40.233333333333334
01265,30.0,1179,39.3
01266,30.0,1202,40.06666666666667
01267,30.0,540,18.0
01268,30.0,1203,40.1
01269,30.6,1232,40.26143790849673
01270,29.1,1160,39.86254295532646
01271,30.0,1204,40.13333333333333
01272,30.0,1228,40.93333333333333
01276,30.5,1237,40.557377049180324
01277,30.0,1206,40.2
01278,30.0,1203,40.1
01279,30.0,1205,40.166666666666664
01281,29.9,1208,40.401337792642146
01282,30.6,1226,40.06535947712418
01283,30.0,1218,40.6
01284,30.0,1199,39.96666666666667
01285,30.6,1225,40.03267973856209
01286,30.0,570,19.0
01287,30.0,1205,40.166666666666664
01288,30.0,540,18.0
01289,29.3,1143,39.01023890784983
01290,30.6,1230,40.19607843137255
01291,29.2,1160,39.726027397260275
01292,30.0,1208,40.266666666666666
01293,29.9,1210,40.468227424749166
01294,30.5,1235,40.49180327868852
01295,30.6,1197,39.11764705882353
01296,30.0,1161,38.7
01298,30.5,1250,40.98360655737705
01299,30.0,1189,39.63333333333333
01301,30.0,570,19.0
01302,30.0,540,18.0
01303,30.6,1206,39.41176470588235
01305,30.0,1165,38.833333333333336
01306,30.6,1242,40.588235294117645
01307,30.6,1234,40.326797385620914
01309,29.8,1311,43.993288590604024
01311,30.5,1171,38.39344262295082
01313,30.0,1200,40.0
01315,30.0,1170,39.0
01317,29.4,1442,49.04761904761905
01318,30.0,570,19.0
01319,30.6,1234,40.326797385620914
01320,30.5,1230,40.32786885245902
01321,30.0,1213,40.43333333333333
01322,29.9,1206,40.33444816053512
01323,30.6,1230,40.19607843137255
01324,30.0,540,18.0
01326,30.6,1175,38.39869281045751
01328,30.0,1201,40.03333333333333
01332,30.0,1208,40.266666666666666
01333,30.0,1216,40.53333333333333
01334,30.0,1359,45.3
01338,30.0,1207,40.233333333333334
01339,29.1,1164,40.0
01340,30.0,1201,40.03333333333333
01341,30.6,1225,40.03267973856209
01342,30.6,1225,40.03267973856209
01343,27.3,1083,39.67032967032967
01344,30.6,1209,39.509803921568626
01346,30.0,1319,43.96666666666667
01348,30.0,1169,38.96666666666667
01350,30.0,1208,40.266666666666666
01352,30.0,1177,39.233333333333334
01354,30.0,930,31.0
01355,30.0,1217,40.56666666666667
01356,30.0,1203,40.1
01357,30.0,1214,40.46666666666667
01360,30.5,1230,40.32786885245902
01361,30.0,540,18.0
01362,27.1,1194,44.0590405904059
01364,30.0,1205,40.166666666666664
01365,30.5,1228,40.26229508196721
01366,30.0,570,19.0
01368,30.0,540,18.0
01369,29.2,1201,41.13013698630137
01372,30.0,540,18.0
01374,30.0,1206,40.2
01377,28.9,1153,39.8961937716263
01379,30.0,1203,40.1
01380,30.0,1176,39.2
01382,30.0,540,18.0
01383,30.0,570,19.0
01384,30.0,1154,38.46666666666667
01386,29.8,1179,39.56375838926174
01387,30.6,1226,40.06535947712418
01388,29.9,1215,40.635451505016725
01390,30.6,1202,39.28104575163398
01393,30.0,1201,40.03333333333333
01394,30.0,570,19.0
01395,30.5,1226,40.19672131147541
01396,30.0,1204,40.13333333333333
01397,30.6,1225,40.03267973856209
01399,30.0,1219,40.63333333333333
01400,29.8,1184,39.73154362416107
01401,30.6,1231,40.228758169934636
01402,30.0,1213,40.43333333333333
01404,30.6,1228,40.130718954248366
01405,30.0,570,19.0
01408,30.0,1204,40.13333333333333
01411,29.9,1199,40.10033444816054
01413,30.0,1214,40.46666666666667
01414,30.0,1202,40.06666666666667
01415,29.9,1201,40.16722408026756
01416,30.0,540,18.0
01417,30.5,1243,40.75409836065574
01419,30.0,1161,38.7
01420,30.0,1154,38.46666666666667
01421,30.0,1154,38.46666666666667
01423,30.0,1208,40.266666666666666
01425,30.0,1206,40.2
01426,30.0,1201,40.03333333333333
01429,30.0,1204,40.13333333333333
01431,30.0,1195,39.833333333333336
01433,28.7,1152,40.139372822299656
01434,30.0,1421,47.36666666666667
01435,30.0,1208,40.266666666666666
01436,30.0,540,18.0
01437,30.0,1198,39.93333333333333
01438,30.6,1195,39.052287581699346
01439,30.0,1201,40.03333333333333
01440,30.0,540,18.0
01441,30.0,1202,40.06666666666667
01442,29.9,1220,40.802675585284284
01444,29.7,1201,40.437710437710436
01445,30.5,1230,40.32786885245902
01446,29.9,1176,39.331103678929765
01448,30.0,570,19.0
01449,30.6,1193,38.98692810457516
01452,30.0,1207,40.233333333333334
01453,30.5,1210,39.67213114754098
01454,30.0,1223,40.766666666666666
01456,30.0,540,18.0
01457,30.6,1242,40.588235294117645
01459,30.6,1226,40.06535947712418
01460,30.5,1222,40.0655737704918
01461,30.0,1226,40.86666666666667
01462,30.0,1200,40.0
01463,30.0,1206,40.2
01464,30.0,1180,39.333333333333336
01465,30.0,1201,40.03333333333333
01466,30.0,1203,40.1
01468,30.6,1240,40.52287581699346
01470,30.0,1340,44.666666666666664
01473,29.5,1184,40.13559322033898
01476,30.0,1202,40.06666666666667
01477,30.6,1199,39.18300653594771
01478,29.9,1198,40.06688963210703
01482,30.0,1205,40.166666666666664
01484,29.2,1066,36.50684931506849
01485,30.6,1237,40.424836601307184
01486,30.2,1147,37.980132450331126
01487,29.4,1158,39.38775510204082
01488,30.0,1185,39.5
01489,30.0,1363,45.43333333333333
01490,29.8,1195,40.100671140939596
01491,29.9,1217,40.702341137123746
01492,29.9,1188,39.73244147157191
01493,29.9,1205,40.30100334448161
01494,30.6,1230,40.19607843137255
01495,29.9,1224,40.93645484949833
01496,30.0,1211,40.36666666666667
01497,29.9,1211,40.50167224080268
01498,30.5,1229,40.295081967213115
01499,30.0,1209,40.3
01500,30.5,1227,40.22950819672131
01501,30.0,1206,40.2
01503,30.0,1201,40.03333333333333
01504,29.9,1179,39.4314381270903
01505,30.0,570,19.0
01506,30.0,1178,39.266666666666666
01507,30.0,570,19.0
01508,30.6,1270,41.503267973856204
01510,30.6,1227,40.09803921568627
01511,30.0,1151,38.36666666666667
01514,30.5,1232,40.39344262295082
01517,30.0,1196,39.86666666666667
01518,30.0,1217,40.56666666666667
01519,30.5,1229,40.295081967213115
01521,30.0,1192,39.733333333333334
01523,30.0,1190,39.666666666666664
01525,30.0,1205,40.166666666666664
01526,29.9,1200,40.13377926421405
01527,29.7,1172,39.46127946127946
01528,30.0,1172,39.06666666666667
01529,30.0,1200,40.0
01530,29.9,1214,40.602006688963215
01532,30.6,1225,40.03267973856209
01533,30.0,1204,40.13333333333333
01534,30.5,1218,39.9344262295082
01535,30.0,1173,39.1
01536,30.0,1800,60.0
01537,30.0,1219,40.63333333333333
01538,30.5,1237,40.557377049180324
01539,30.0,1206,40.2
01540,30.6,1239,40.49019607843137
01541,30.0,1213,40.43333333333333
01542,30.0,1180,39.333333333333336
01543,30.0,1207,40.233333333333334
01544,30.6,1238,40.45751633986928
01545,30.0,1185,39.5
01546,30.6,1240,40.52287581699346
01548,30.6,1310,42.810457516339866
01550,30.0,1200,40.0
01551,30.5,1235,40.49180327868852
01552,30.0,1179,39.3
01554,30.0,540,18.0
01557,30.0,1232,41.06666666666667
01558,30.0,540,18.0
01559,30.5,1233,40.42622950819672
01563,30.0,1220,40.666666666666664
01564,30.0,570,19.0
01566,30.0,1200,40.0
01568,30.0,1206,40.2
01569,30.0,1188,39.6
01570,30.0,1175,39.166666666666664
01571,30.5,1226,40.19672131147541
01572,30.0,540,18.0
01574,30.0,1205,40.166666666666664
01577,29.9,1225,40.96989966555184
01578,30.0,570,19.0
01579,30.6,1218,39.80392156862745
01580,30.5,1243,40.75409836065574
01581,30.0,1201,40.03333333333333
01582,30.0,540,18.0
01583,30.0,1209,40.3
01584,30.0,1202,40.06666666666667
01585,29.4,1152,39.183673469387756
01586,30.0,1193,39.766666666666666
01588,30.0,1201,40.03333333333333
01589,29.1,1176,40.41237113402062
01590,28.9,1146,39.653979238754324
01592,30.0,1203,40.1
01593,30.0,540,18.0
01596,30.0,1213,40.43333333333333
01597,30.0,1208,40.266666666666666
01598,29.8,1417,47.5503355704698
01599,30.0,1207,40.233333333333334
01600,29.9,1199,40.10033444816054
01601,30.0,1207,40.233333333333334
01603,30.0,1218,40.6
01604,30.6,1243,40.62091503267974
01605,30.0,1213,40.43333333333333
01606,30.0,540,18.0
01607,30.0,1210,40.333333333333336
01608,30.0,540,18.0
01609,30.0,1202,40.06666666666667
01611,30.0,540,18.0
01612,30.0,1193,39.766666666666666
01614,30.0,1204,40.13333333333333
01616,29.2,1165,39.897260273972606
01617,30.0,1201,40.03333333333333
01618,30.0,540,18.0
01620,30.6,1205,39.37908496732026
01621,30.0,1198,39.93333333333333
01622,30.0,1182,39.4
01623,30.0,540,18.0
01624,30.6,1234,40.326797385620914
01625,30.0,540,18.0
01627,30.6,1220,39.869281045751634
01628,30.0,540,18.0
01629,29.9,1194,39.93311036789298
01630,30.6,1271,41.5359477124183
01631,30.0,1052,35.06666666666667
01632,30.0,1216,40.53333333333333
01634,30.6,1228,40.130718954248366
01635,30.0,540,18.0
01638,30.0,1175,39.166666666666664
01639,30.0,540,18.0
01640,30.0,1206,40.2
01643,30.0,1200,40.0
01645,30.6,1139,37.22222222222222
01646,30.6,1231,40.228758169934636
01647,30.6,1233,40.29411764705882
01649,30.0,1203,40.1
01652,30.0,1204,40.13333333333333
01653,30.0,1216,40.53333333333333
01654,30.0,1162,38.733333333333334
01655,30.6,1169,38.20261437908496
01656,30.0,1209,40.3
01657,30.6,1177,38.464052287581694
01660,30.0,1211,40.36666666666667
01661,29.9,1204,40.2675585284281
01662,30.6,1046,34.18300653594771
01663,30.0,1218,40.6
01664,28.9,1157,40.03460207612457
01666,28.9,1116,38.615916955017305
01669,30.0,570,19.0
01671,30.0,1200,40.0
01673,30.0,1202,40.06666666666667
01678,30.6,1248,40.78431372549019
01679,30.0,1225,40.833333333333336
01680,30.0,1208,40.266666666666666
01681,30.0,1206,40.2
01682,30.0,570,19.0
01683,30.0,1215,40.5
01685,30.0,1200,40.0
01687,30.0,1205,40.166666666666664
01690,28.9,1150,39.792387543252595
01691,30.0,540,18.0
01693,30.0,540,18.0
01694,30.0,1205,40.166666666666664
01695,29.9,1186,39.66555183946488
01696,30.6,1207,39.44444444444444
01697,30.6,1227,40.09803921568627
01698,30.0,1201,40.03333333333333
01699,30.0,1143,38.1
01702,30.0,1169,38.96666666666667
01704,30.0,1195,39.833333333333336
01705,30.0,1204,40.13333333333333
01706,29.9,1203,40.23411371237459
01707,30.0,1201,40.03333333333333
01708,30.5,1239,40.622950819672134
01709,30.0,1208,40.266666666666666
01710,30.0,1203,40.1
01711,29.9,1203,40.23411371237459
01712,28.6,1160,40.55944055944056
01713,30.0,1189,39.63333333333333
01714,30.0,1202,40.06666666666667
01716,30.0,1200,40.0
01717,30.6,1233,40.29411764705882
01719,30.5,1246,40.85245901639344
01720,30.0,1207,40.233333333333334
01722,30.0,540,18.0
01723,30.0,570,19.0
01724,30.0,1152,38.4
01725,30.0,1202,40.06666666666667
01726,29.9,1196,40.0
01727,30.0,1211,40.36666666666667
01728,29.9,1202,40.20066889632107
01729,30.0,1091,36.36666666666667
01732,30.0,1222,40.733333333333334
01733,30.0,540,18.0
01734,30.0,570,19.0
01735,30.0,1259,41.96666666666667
01736,30.6,1225,40.03267973856209
01737,30.6,1226,40.06535947712418
01739,24.6,1016,41.30081300813008
01740,30.6,1238,40.45751633986928
01741,30.0,540,18.0
01742,30.6,1233,40.29411764705882
01747,30.0,1190,39.666666666666664
01748,28.9,1157,40.03460207612457
01749,30.0,540,18.0
01750,30.0,1210,40.333333333333336
01752,30.6,1232,40.26143790849673
01753,30.6,1234,40.326797385620914
01754,30.0,1191,39.7
01755,30.6,1240,40.52287581699346
01756,30.0,1148,38.266666666666666
01760,30.0,1210,40.333333333333336
01761,30.0,540,18.0
01763,29.9,1199,40.10033444816054
01765,29.2,1188,40.68493150684932
01766,29.9,1204,40.2675585284281
01767,29.9,1214,40.602006688963215
01768,30.0,1216,40.53333333333333
01770,30.6,1236,40.3921568627451
01771,30.0,1216,40.53333333333333
01772,30.5,1227,40.22950819672131
01773,30.0,1201,40.03333333333333
01778,29.9,1201,40.16722408026756
01779,30.0,1324,44.13333333333333
01780,30.6,1230,40.19607843137255
01781,30.0,1217,40.56666666666667
01783,30.6,1227,40.09803921568627
01785,29.6,1154,38.986486486486484
01786,30.5,1211,39.704918032786885
01789,30.0,1205,40.166666666666664
01791,29.9,1200,40.13377926421405
01792,30.0,1218,40.6
01793,29.9,1221,40.836120401337794
01795,30.0,1205,40.166666666666664
01796,30.6,1231,40.228758169934636
01797,30.0,1160,38.666666666666664
01798,30.0,1207,40.233333333333334
01799,29.9,1201,40.16722408026756
01800,29.8,1199,40.23489932885906
01801,30.0,540,18.0
01802,30.5,1131,37.08196721311475
01805,30.0,570,19.0
01806,30.5,1170,38.36065573770492
01807,30.6,1235,40.359477124183
01809,29.9,1204,40.2675585284281
01810,29.9,1179,39.4314381270903
01811,30.0,1209,40.3
01812,30.5,1235,40.49180327868852
01813,30.0,540,18.0
01815,30.6,1225,40.03267973856209
01816,30.0,1240,41.333333333333336
01817,30.6,1237,40.424836601307184
01819,30.0,1201,40.03333333333333
01821,30.0,540,18.0
01822,30.0,1207,40.233333333333334
01823,30.6,1230,40.19607843137255
01824,30.6,1236,40.3921568627451
01825,30.0,1194,39.8
01827,29.1,1161,39.896907216494846
01828,30.0,1203,40.1
01829,30.0,1207,40.233333333333334
01834,30.0,1206,40.2
01835,30.0,1154,38.46666666666667
01838,30.0,1213,40.43333333333333
01839,29.1,1174,40.34364261168385
01840,30.0,1227,40.9
01842,29.0,1139,39.275862068965516
01843,30.6,1225,40.03267973856209
01844,30.5,1218,39.9344262295082
01845,30.0,1202,40.06666666666667
01846,30.6,1204,39.346405228758165
01848,30.0,1204,40.13333333333333
01849,30.0,1202,40.06666666666667
01852,30.0,1212,40.4
01853,30.0,1213,40.43333333333333
01858,30.0,1230,41.0
01860,30.0,1202,40.06666666666667
01862,30.0,1197,39.9
01864,29.0,1130,38.96551724137931
01865,29.9,1205,40.30100334448161
01866,30.6,1205,39.37908496732026
01869,30.5,1236,40.52459016393443
01870,30.0,1213,40.43333333333333
01871,30.0,1202,40.06666666666667
01872,30.0,1149,38.3
01874,30.0,540,18.0
01875,30.0,1216,40.53333333333333
01878,30.0,570,19.0
01879,30.5,1234,40.459016393442624
01880,30.0,1243,41.43333333333333
01881,30.0,1183,39.43333333333333
01882,30.6,1231,40.228758169934636
01883,30.0,540,18.0
01885,30.0,1448,48.266666666666666
01887,30.0,1206,40.2
01888,30.0,1203,40.1
01889,30.6,1225,40.03267973856209
01890,30.0,1800,60.0
01891,30.0,1224,40.8
01893,30.0,1200,40.0
01894,30.5,1215,39.83606557377049
01896,30.0,1216,40.53333333333333
01899,30.6,1232,40.26143790849673
01900,29.6,1223,41.317567567567565
01901,30.0,540,18.0
01903,29.3,1128,38.49829351535836
01904,30.0,1204,40.13333333333333
01906,25.6,1026,40.078125
01908,30.6,1224,40.0
01910,29.7,1198,40.33670033670034
01912,30.0,540,18.0
01913,30.0,540,18.0
01916,30.0,1242,41.4
01917,30.0,540,18.0
01918,30.0,1207,40.233333333333334
01920,29.4,1211,41.19047619047619
01921,29.6,1171,39.56081081081081
01922,30.0,1230,41.0
01923,30.3,1214,40.06600660066007
01924,30.0,1200,40.0
01925,30.0,1183,39.43333333333333
01926,30.6,1234,40.326797385620914
01928,29.3,1179,40.23890784982935
01929,29.3,975,33.27645051194539
01931,29.9,1136,37.9933110367893
01932,30.0,1211,40.36666666666667
01933,29.8,1226,41.14093959731544
01934,30.6,1225,40.03267973856209
01935,30.0,1210,40.333333333333336
01936,30.0,540,18.0
01939,30.0,1204,40.13333333333333
01941,30.0,540,18.0
01942,29.7,1196,40.26936026936027
01943,30.0,1205,40.166666666666664
01944,30.6,1227,40.09803921568627
01946,30.0,1206,40.2
01948,29.8,1206,40.46979865771812
01949,30.5,1235,40.49180327868852
01950,30.0,1206,40.2
01951,30.0,1220,40.666666666666664
01952,30.6,1236,40.3921568627451
01953,29.9,1186,39.66555183946488
01954,28.4,1152,40.563380281690144
01955,30.5,1235,40.49180327868852
01959,30.0,1208,40.266666666666666
01960,30.0,540,18.0
01961,30.0,1201,40.03333333333333
01963,30.0,1201,40.03333333333333
01964,30.6,1231,40.228758169934636
01966,30.0,540,18.0
01967,30.0,1204,40.13333333333333
01968,30.0,540,18.0
01969,30.0,1209,40.3
01970,30.0,1219,40.63333333333333
01971,30.6,1238,40.45751633986928
01972,30.0,1141,38.03333333333333
01973,30.0,1210,40.333333333333336
01975,30.0,1176,39.2
01976,30.0,1209,40.3
01977,30.0,1215,40.5
01979,30.0,1200,40.0
01980,30.0,1223,40.766666666666666
01983,30.0,1214,40.46666666666667
01985,30.0,1201,40.03333333333333
01986,30.0,1160,38.666666666666664
01987,30.0,540,18.0
01988,30.6,1246,40.71895424836601
01989,29.9,1178,39.39799331103679
01990,30.0,1180,39.333333333333336
01991,29.9,1206,40.33444816053512
01992,29.9,1226,41.00334448160535
01994,30.0,570,19.0
01995,30.0,1200,40.0
01996,30.0,540,18.0
01998,30.0,540,18.0
02000,30.0,1224,40.8
02001,30.0,1217,40.56666666666667
02002,30.0,540,18.0
02003,30.0,1294,43.13333333333333
02004,30.0,1228,40.93333333333333
02006,30.6,1236,40.3921568627451
02007,29.9,1205,40.30100334448161
02011,29.2,1161,39.76027397260274
02012,30.6,1229,40.16339869281045
02013,30.0,1223,40.766666666666666
02014,30.6,1231,40.228758169934636
02016,30.0,1191,39.7
02017,29.6,1169,39.49324324324324
02018,30.0,1223,40.766666666666666
02019,30.0,540,18.0
02022,30.6,1230,40.19607843137255
02024,30.6,1241,40.55555555555556
02026,30.5,1218,39.9344262295082
02027,30.0,1211,40.36666666666667
02028,29.9,1206,40.33444816053512
02029,30.6,1262,41.24183006535947
02031,30.0,1217,40.56666666666667
02032,30.6,1279,41.79738562091503
02033,23.9,960,40.16736401673641
02034,30.0,1214,40.46666666666667
02035,29.8,1186,39.79865771812081
02037,30.0,540,18.0
02039,29.8,1184,39.73154362416107
02040,30.0,1193,39.766666666666666
02041,30.6,1232,40.26143790849673
02042,29.1,1190,40.893470790378004
02044,30.0,540,18.0
02045,30.5,1226,40.19672131147541
02046,29.9,1206,40.33444816053512
02048,30.0,1210,40.333333333333336
02049,23.6,931,39.44915254237288
02050,30.0,540,18.0
02051,29.8,1195,40.100671140939596
02052,30.0,1205,40.166666666666664
02053,30.0,1196,39.86666666666667
02054,30.0,570,19.0
02055,30.6,1211,39.57516339869281
02059,30.0,1184,39.46666666666667
02060,30.6,1225,40.03267973856209
02061,30.0,1216,40.53333333333333
02062,30.0,540,18.0
02063,29.3,1168,39.86348122866894
02064,29.0,1162,40.06896551724138
02066,29.9,1214,40.602006688963215
02067,30.6,1253,40.947712418300654
02069,30.0,1177,39.233333333333334
02070,30.6,1237,40.424836601307184
02071,30.6,1200,39.2156862745098
02072,28.7,957,33.34494773519164
02074,30.6,1236,40.3921568627451
02075,30.0,1058,35.266666666666666
02079,30.0,1258,41.93333333333333
02080,30.0,1215,40.5
02083,30.5,1225,40.16393442622951
02084,30.0,1220,40.666666666666664
02085,30.0,1202,40.06666666666667
02087,30.0,1453,48.43333333333333
02088,29.8,1215,40.77181208053691
02089,30.0,1203,40.1
02090,30.5,1226,40.19672131147541
02092,30.0,1208,40.266666666666666
02095,30.6,1233,40.29411764705882
02096,30.2,1188,39.33774834437086
02097,30.0,1202,40.06666666666667
02099,30.0,1208,40.266666666666666
02102,30.0,1208,40.266666666666666
02104,30.0,540,18.0
02105,30.6,932,30.45751633986928
02106,30.0,1176,39.2
02108,30.6,1234,40.326797385620914
02111,30.6,1235,40.359477124183
02114,30.0,1209,40.3
02115,30.6,1233,40.29411764705882
02117,30.6,1225,40.03267973856209
02118,30.6,1234,40.326797385620914
02119,30.0,1195,39.833333333333336
02120,29.9,1218,40.735785953177256
02121,30.0,1205,40.166666666666664
02124,30.0,1214,40.46666666666667
02126,30.6,1216,39.73856209150327
02128,30.6,1231,40.228758169934636
02129,30.0,1211,40.36666666666667
02130,30.0,1185,39.5
02132,30.0,1279,42.63333333333333
02133,30.0,1212,40.4
02134,27.1,1068,39.40959409594096
02135,30.0,1209,40.3
02136,30.5,1197,39.24590163934426
02137,30.6,1204,39.346405228758165
02139,30.0,1204,40.13333333333333
